{
  "type": "minecraft:crafting_shaped",
  "category": "building",
  "forge:condition": {
    "type": "simpleradio:items_enabled",
    "item": "antenna"
  },
  "key": {
    "B": {
      "item": "minecraft:iron_bars"
    },
    "I": {
      "item": "minecraft:iron_ingot"
    }
  },
  "neoforge:conditions": [
    {
      "type": "simpleradio:items_enabled",
      "item": "antenna"
    }
  ],
  "pattern": [
    " B ",
    " I ",
    " B "
  ],
  "result": {
    "item": "simpleradio:antenna"
  },
  "show_notification": true
}