{
  "type": "minecraft:crafting_shaped",
  "category": "building",
  "forge:condition": {
    "type": "simpleradio:items_enabled",
    "item": "microphone"
  },
  "key": {
    "I": {
      "item": "minecraft:iron_ingot"
    },
    "L": {
      "item": "simpleradio:listener_module"
    },
    "W": {
      "tag": "minecraft:wool"
    }
  },
  "neoforge:conditions": [
    {
      "type": "simpleradio:items_enabled",
      "item": "microphone"
    }
  ],
  "pattern": [
    " W ",
    " L ",
    "I I"
  ],
  "result": {
    "item": "simpleradio:microphone"
  },
  "show_notification": true
}