{
  "type": "minecraft:crafting_shaped",
  "category": "building",
  "forge:condition": {
    "type": "simpleradio:items_enabled",
    "item": "radio"
  },
  "key": {
    "I": {
      "item": "minecraft:iron_ingot"
    },
    "R": {
      "item": "minecraft:redstone"
    },
    "T": {
      "item": "minecraft:redstone_torch"
    },
    "Y": {
      "item": "simpleradio:speaker_module"
    },
    "Z": {
      "item": "simpleradio:receiving_module"
    }
  },
  "neoforge:conditions": [
    {
      "type": "simpleradio:items_enabled",
      "item": "radio"
    }
  ],
  "pattern": [
    "IIT",
    "ZYR",
    "III"
  ],
  "result": {
    "item": "simpleradio:radio"
  },
  "show_notification": true
}