{
  "type": "minecraft:crafting_shaped",
  "category": "building",
  "forge:condition": {
    "type": "simpleradio:items_enabled",
    "item": "radiosmither"
  },
  "key": {
    "A": {
      "item": "minecraft:amethyst_shard"
    },
    "D": {
      "item": "minecraft:polished_deepslate"
    },
    "I": {
      "item": "minecraft:iron_ingot"
    }
  },
  "neoforge:conditions": [
    {
      "type": "simpleradio:items_enabled",
      "item": "radiosmither"
    }
  ],
  "pattern": [
    "IAI",
    "DDD"
  ],
  "result": {
    "item": "simpleradio:radiosmither"
  },
  "show_notification": true
}