{
  "type": "minecraft:crafting_shaped",
  "category": "misc",
  "forge:condition": {
    "type": "simpleradio:items_enabled",
    "item": "receiving_module"
  },
  "key": {
    "A": {
      "item": "minecraft:amethyst_shard"
    },
    "C": {
      "item": "minecraft:copper_ingot"
    },
    "R": {
      "item": "minecraft:redstone_torch"
    }
  },
  "neoforge:conditions": [
    {
      "type": "simpleradio:items_enabled",
      "item": "receiving_module"
    }
  ],
  "pattern": [
    "R",
    "C",
    "A"
  ],
  "result": {
    "item": "simpleradio:receiving_module"
  },
  "show_notification": true
}