{
  "type": "minecraft:crafting_shaped",
  "category": "equipment",
  "forge:condition": {
    "type": "simpleradio:items_enabled",
    "item": "walkie_talkie"
  },
  "key": {
    "B": {
      "item": "minecraft:copper_block"
    },
    "C": {
      "item": "minecraft:copper_ingot"
    },
    "I": {
      "item": "minecraft:iron_ingot"
    }
  },
  "neoforge:conditions": [
    {
      "type": "simpleradio:items_enabled",
      "item": "walkie_talkie"
    }
  ],
  "pattern": [
    " I ",
    " B ",
    " C "
  ],
  "result": {
    "item": "simpleradio:walkie_talkie"
  },
  "show_notification": true
}