{
	"credit": "Made with Blockbench",
	"texture_size": [12, 24],
	"textures": {
		"0": "simpleradio:item/transceiver",
		"particle": "simpleradio:item/transceiver"
	},
	"elements": [
		{
			"name": "transceiver",
			"from": [4, 1, 6],
			"to": [12, 11, 10],
			"faces": {
				"north": {"uv": [0, 6.66667, 10.66667, 13.33333], "texture": "#0"},
				"east": {"uv": [10.66667, 0, 16, 6.66667], "texture": "#0"},
				"south": {"uv": [0, 0, 10.66667, 6.66667], "texture": "#0"},
				"west": {"uv": [16, 0, 10.66667, 6.66667], "texture": "#0"},
				"up": {"uv": [0, 13.33333, 10.66667, 16], "texture": "#0"},
				"down": {"uv": [0, 13.33333, 10.66667, 16], "texture": "#0"}
			}
		},
		{
			"name": "antenna",
			"from": [6, 11, 7.5],
			"to": [7, 15, 8.5],
			"rotation": {"angle": 0, "axis": "y", "origin": [5.5, 13, 8]},
			"faces": {
				"north": {"uv": [10.66667, 6.66666, 12, 9.33333], "texture": "#0"},
				"east": {"uv": [10.66667, 6.66666, 12, 9.33333], "texture": "#0"},
				"south": {"uv": [10.66667, 6.66666, 12, 9.33333], "texture": "#0"},
				"west": {"uv": [10.66667, 6.66666, 12, 9.33333], "texture": "#0"},
				"up": {"uv": [10.66667, 6.66666, 12, 7.33333], "texture": "#0"},
				"down": {"uv": [10.66667, 8.66666, 12, 9.33333], "texture": "#0"}
			}
		},
		{
			"name": "tube",
			"from": [9, 11, 7.5],
			"to": [10, 11.5, 8.5],
			"rotation": {"angle": 0, "axis": "y", "origin": [7.5, 12, 8]},
			"faces": {
				"north": {"uv": [13.33333, 10.66666, 14.66666, 11.33334], "texture": "#0"},
				"east": {"uv": [13.33333, 10.66666, 14.66666, 11.33334], "texture": "#0"},
				"south": {"uv": [13.33333, 10.66666, 14.66666, 11.33334], "texture": "#0"},
				"west": {"uv": [13.33333, 10.66666, 14.66666, 11.33334], "texture": "#0"},
				"up": {"uv": [13.33333, 10.66666, 14.66666, 11.33333], "texture": "#0"},
				"down": {"uv": [13.33333, 10.66667, 14.66666, 11.33334], "texture": "#0"}
			}
		},
		{
			"name": "bulbthingy",
			"from": [9, 11.5, 8],
			"to": [10, 12.5, 8],
			"faces": {
				"north": {"uv": [13.33333, 11.33333, 14.66667, 12], "texture": "#0"},
				"east": {"uv": [0, 0, 0, 1.33333], "texture": "#0"},
				"south": {"uv": [13.33333, 11.33333, 14.66667, 12], "texture": "#0"},
				"west": {"uv": [0, 0, 0, 1.33333], "texture": "#0"},
				"up": {"uv": [0, 0, 1.33333, 0], "texture": "#0"},
				"down": {"uv": [0, 0, 1.33333, 0], "texture": "#0"}
			}
		},
		{
			"name": "bulb",
			"from": [8.5, 11.5, 7],
			"to": [10.5, 13.5, 9],
			"faces": {
				"north": {"uv": [10.66667, 9.33333, 13.33333, 10.66667], "texture": "#0"},
				"east": {"uv": [10.66667, 9.33333, 13.33333, 10.66667], "texture": "#0"},
				"south": {"uv": [10.66667, 9.33333, 13.33333, 10.66667], "texture": "#0"},
				"west": {"uv": [10.66667, 9.33333, 13.33333, 10.66667], "texture": "#0"},
				"up": {"uv": [13.33333, 9.33333, 16, 10.66667], "texture": "#0"},
				"down": {"uv": [10.66667, 10.66667, 13.33333, 12], "texture": "#0"}
			}
		},
		{
			"name": "button",
			"from": [12, 7, 7],
			"to": [13, 9, 9],
			"rotation": {"angle": 0, "axis": "z", "origin": [13, 11, 8]},
			"faces": {
				"north": {"uv": [12, 7.33333, 14.66667, 8], "rotation": 270, "texture": "#0"},
				"east": {"uv": [12, 6.66666, 14.66667, 8], "rotation": 90, "texture": "#0"},
				"south": {"uv": [12, 7.33333, 14.66667, 8], "rotation": 90, "texture": "#0"},
				"west": {"uv": [12, 6.66666, 14.66667, 8], "rotation": 90, "texture": "#0"},
				"up": {"uv": [12, 7.33333, 14.66667, 8], "rotation": 90, "texture": "#0"},
				"down": {"uv": [12, 7.33333, 14.66667, 8], "rotation": 90, "texture": "#0"}
			}
		},
		{
			"name": "receiving_glow",
			"from": [7.25, 15.25, 8.75],
			"to": [5.75, 13.75, 7.25],
			"faces": {
				"north": {"uv": [14.66667, 6.66667, 16, 7.33333], "texture": "#0"},
				"east": {"uv": [14.66667, 6.66667, 16, 7.33333], "texture": "#0"},
				"south": {"uv": [14.66667, 6.66667, 16, 7.33333], "texture": "#0"},
				"west": {"uv": [14.66667, 6.66667, 16, 7.33333], "texture": "#0"},
				"up": {"uv": [14.66667, 6.66667, 16, 7.33333], "texture": "#0"},
				"down": {"uv": [14.66667, 6.66667, 16, 7.33333], "texture": "#0"}
			}
		},
		{
			"name": "glow",
			"from": [8.25, 11.5, 6.75],
			"to": [10.75, 14, 9.25],
			"faces": {
				"north": {"uv": [10.66667, 12, 13.33333, 13.33333], "texture": "#0"},
				"east": {"uv": [10.66667, 12, 13.33333, 13.33333], "texture": "#0"},
				"south": {"uv": [10.66667, 12, 13.33333, 13.33333], "texture": "#0"},
				"west": {"uv": [10.66667, 12, 13.33333, 13.33333], "texture": "#0"},
				"up": {"uv": [13.33333, 12, 16, 13.33333], "texture": "#0"},
				"down": {"uv": [10.66667, 13.33333, 13.33333, 14.66667], "texture": "#0"}
			}
		}
	],
	"gui_light": "front",
	"overrides": [
		{"predicate": {"using": 1}, "model": "simpleradio:item/using_transceiver"},
		{"predicate": {"speaking": 1}, "model": "simpleradio:item/speaking_transceiver"},
		{"predicate": {"using": 1, "speaking": 1}, "model": "simpleradio:item/using_speaking_transceiver"}
	],
	"display": {
		"thirdperson_righthand": {
			"rotation": [11, -16, 0],
			"translation": [0.25, 3.5, 1.25],
			"scale": [0.65, 0.65, 0.65]
		},
		"thirdperson_lefthand": {
			"rotation": [11, -16, 0],
			"translation": [0.25, 3.5, 1.25],
			"scale": [0.65, 0.65, 0.65]
		},
		"firstperson_righthand": {
			"rotation": [-16, -41, 0],
			"translation": [0.5, 4.5, 0.75],
			"scale": [0.5, 0.5, 0.5]
		},
		"firstperson_lefthand": {
			"rotation": [-16, -41, 0],
			"translation": [0.5, 4.5, 0.75],
			"scale": [0.5, 0.5, 0.5]
		},
		"ground": {
			"translation": [0, 2, 0],
			"scale": [0.8, 0.8, 0.8]
		},
		"gui": {
			"rotation": [3, -30, -20],
			"translation": [0.25, 0.25, 0],
			"scale": [0.9, 0.9, 0.9]
		},
		"fixed": {
			"rotation": [0, 180, 0],
			"translation": [0, 0, -1]
		}
	}
}