{
  "type": "minecraft:crafting_shaped",
  "category": "equipment",
  "key": {
    "B": {
      "item": "create:brass_casing"
    },
    "E": {
      "item": "create:electron_tube"
    },
    "T": {
      "item": "minecraft:redstone_torch"
    },
    "X": {
      "item": "simpleradio:transmitting_module"
    },
    "Y": {
      "item": "simpleradio:speaker_module"
    },
    "Z": {
      "item": "simpleradio:receiving_module"
    }
  },
  "pattern": [
    "T E",
    "XBZ",
    " Y "
  ],
  "result": {
    "item": "simpleradio:transceiver"
  },
  "show_notification": true
}